Battery Rating (Ah),Load Consumed (A),Instantaneous Time (minutes),Voltage Drop (V),Power Consumed (W),Temperature (Â°C)
100,11,1,1.895814597,39.30606664,26.98550183
100,24,2,1.322215503,85.06851038,27.21255467
100,19,3,1.12523357,54.63409111,33.77682087
100,15,4,1.47433611,50.32539839,28.80602336
100,12,5,1.113956635,55.83291057,20.49270005
100,11,6,1.486015503,31.70829115,33.69124194
100,23,7,1.920297181,93.02928855,23.72339664
100,15,8,1.520768142,50.565526,28.66447931
100,15,9,1.616499727,63.87681209,22.48269976
100,8,10,1.156638437,37.19513806,20.5081874
100,12,11,1.043735626,46.74335616,24.67209757
100,7,12,1.110807962,21.40186129,31.70743561
100,6,13,1.598531576,23.84376839,24.16380759
100,16,14,1.095011699,65.83967045,23.30145821
100,10,15,1.37599289,41.33903455,23.19021177
100,6,16,1.55009194,20.8858342,27.72760524
100,5,17,1.388652799,14.03188954,34.63311974
100,16,18,1.163683801,57.37885881,26.88483482
100,16,19,1.273791308,54.4966914,28.35958053
100,21,20,1.928317533,61.9295838,32.90948027
100,14,21,1.675982276,48.23254295,28.02604578
100,20,22,1.496047839,84.15049399,22.76694307
100,19,23,1.01271489,74.52751904,24.49393868
100,19,24,1.9924154,74.07680641,24.64905389
100,23,25,1.671454935,85.31229503,25.95977173
100,16,26,1.316922477,58.39025317,26.40183358
100,24,27,1.87926866,72.73447932,31.99673033
100,7,28,1.25843162,26.67601091,25.24080499
100,9,29,1.544016579,32.11592859,27.02347743
100,23,30,1.636070764,75.72106253,29.37463981
100,11,31,1.221063371,41.25120266,25.66588921
100,13,32,1.978397279,38.7499017,32.5484722
100,11,33,1.748191906,36.89813598,28.81180406
100,22,34,1.557813226,86.57780309,24.41067019
100,8,35,1.180594598,25.22792803,30.710888
100,18,36,1.053858207,62.25203813,27.91471595
100,22,37,1.320059833,75.81804647,28.01683837
100,13,38,1.753187336,46.07262874,27.21631923
100,6,39,1.269331298,21.08579233,27.45517923
100,24,40,1.53955622,73.89084254,31.48034422
100,19,41,1.727947177,84.27693116,21.54472219
100,11,42,1.107943715,42.28257943,25.01544217
100,16,43,1.685298016,72.29171365,21.13255046
100,12,44,1.091870888,37.15320581,31.29869331
100,19,45,1.965129742,75.74390132,24.08452782
100,7,46,1.48839413,20.31254852,33.46145615
100,18,47,1.150676108,62.28658841,27.898677
100,21,48,1.342383636,63.61468342,32.01124657
100,8,49,1.413416449,22.41902921,34.68397153
100,22,50,1.758185011,65.48236279,32.59683289
100,12,51,1.743423786,35.28902523,33.0049064
100,8,52,1.611940505,29.49877804,26.11976743
100,6,53,1.105930713,20.49471585,28.27583893
100,10,54,1.151569372,40.30904386,23.80832846
100,14,55,1.093756921,58.47538834,22.9416965
100,8,56,1.577172783,27.98903847,27.58261819
100,22,57,1.877138442,73.51532126,28.9257347
100,16,58,1.433800512,61.3283678,25.08906869
100,6,59,1.160848174,20.31030575,28.54165277
100,14,60,1.558042325,40.80216207,33.31190724
100,8,61,1.811752217,27.25647519,28.35082377
100,18,62,1.741712062,56.58207232,30.81219644
100,20,63,1.88145078,60.45999565,32.07972451
100,19,64,1.277902097,53.02680975,34.83093173
100,12,65,1.193953867,39.93615403,29.04796103
100,18,66,1.879816486,54.37614333,32.10275223
100,12,67,1.657560313,33.86029377,34.43973978
100,20,68,1.31092893,56.87288014,34.16614588
100,17,69,1.742348051,73.54141081,22.11622773
100,22,70,1.815118384,81.19314171,26.09588462
100,19,71,1.61497824,73.47296804,24.85985092
100,17,72,1.68788411,76.21993859,21.30387522
100,13,73,1.375259904,42.62489113,29.49861162
100,19,74,1.538695667,59.30352221,31.0385692
100,17,75,1.524159171,50.41231127,32.72192143
100,5,76,1.848047791,21.889834,21.84165334
100,11,77,1.83996398,32.21398413,33.14666114
100,13,78,1.832680469,42.42282157,29.64388345
100,5,79,1.011031614,15.84324464,30.55919203
100,16,80,1.749545484,46.16357594,33.65936005
100,12,81,1.75867639,39.5108308,29.37141907
100,15,82,1.678378823,57.60813809,25.03798786
100,23,83,1.756264658,68.91053351,32.37660997
100,21,84,1.841970371,79.40742945,25.44588818
100,12,85,1.470319054,55.77913262,20.51342166
100,7,86,1.502050213,20.92061614,32.4598176
100,7,87,1.124714057,26.74013105,25.17788217
100,5,88,1.385375883,15.33388718,31.60751785
100,9,89,1.64336518,34.0375727,25.44136842
100,14,90,1.780399776,41.27842794,32.9160203
100,11,1,1.217209098,45.28117119,23.29265788
100,13,2,1.137822899,36.49818554,34.61820898
100,11,3,1.663042005,33.64286644,31.69638162
100,13,4,1.001879884,57.23451063,21.71356889
100,12,5,1.178372584,40.69638391,28.4866493
100,16,6,1.02907138,44.7170824,34.78050968
100,6,7,1.166885118,21.37819387,27.06598179
100,5,8,1.18131928,21.06894819,22.73160708
100,20,9,1.387673595,70.7421815,27.27167551
100,9,10,1.402327125,31.37324365,27.68686484
100,7,11,1.874262471,21.78967696,31.12530416
100,16,12,1.510109712,50.82158202,30.4826878
100,12,13,1.723404766,44.38156948,26.03825065
100,7,14,1.104137358,28.8417801,23.27034661
100,5,15,1.225438755,16.29948676,29.67581252
100,7,16,1.702943441,25.61704225,26.32555902
100,9,17,1.05280396,39.15743099,21.98414317
100,19,18,1.486597662,55.05876368,33.50858452
100,18,19,1.599368966,57.38272081,30.36832786
100,7,20,1.602145644,22.40160729,30.24775785
100,5,21,1.022932811,14.99755923,32.33875814
100,9,22,1.322108004,31.09353347,27.94492518
100,18,23,1.636490651,54.17474102,32.22581643
100,11,24,1.148999736,38.63531456,27.4713613
100,13,25,1.695415648,59.07041971,21.007631
100,19,26,1.745925209,70.16579467,26.07872132
100,19,27,1.98196919,66.7557366,27.46197341
100,14,28,1.209841995,44.02095071,30.80303872
100,17,29,1.825130668,75.22562948,21.59868095
100,23,30,1.520296577,99.56590098,22.10027808
100,11,31,1.373462596,44.0788888,23.95525704
100,21,32,1.122376757,84.00848183,23.9974759
100,24,33,1.735505606,75.04040767,30.98276868
100,8,34,1.235857599,32.30892514,23.76095991
100,9,35,1.371422002,29.51161141,29.49647095
100,11,36,1.062542227,38.71316353,27.41410775
100,17,37,1.801366916,57.43356622,28.59941567
100,19,38,1.766588524,56.59544818,32.57160445
100,15,39,1.73361583,55.4206524,26.06572252
100,8,40,1.29944351,24.56725498,31.56367066
100,17,41,1.173480074,62.20147661,26.33054089
100,11,42,1.637553264,41.81226418,25.30807065
100,23,43,1.496166384,65.00956777,34.37940766
100,6,44,1.178252467,25.24661333,22.76556381
100,14,45,1.685911271,62.62565836,21.35505441
100,17,46,1.991126432,52.20362417,31.56478888
100,10,47,1.747219588,45.40553723,21.02374558
100,16,48,1.739986387,47.68122499,32.55618486
100,16,49,1.950312753,58.05957439,26.55790095
100,24,50,1.202936368,69.09913838,33.73270516
100,15,51,1.565549965,47.13572994,30.82299292
100,11,52,1.979646715,36.47690166,29.15607001
100,5,53,1.165294111,14.18858251,34.23960196
100,5,54,1.700251959,18.55305428,25.9497406
100,24,55,1.585810146,67.96690365,34.31130405
100,17,56,1.586479092,73.832729,22.02501916
100,13,57,1.697670628,46.00739976,27.25632413
100,7,58,1.929616923,27.94559737,24.04866834
100,11,59,1.78258194,37.80375097,28.09764168
100,10,60,1.056136103,42.67994517,22.43020817
100,12,61,1.85272802,35.68991364,32.6229449
100,13,62,1.22554133,38.58011211,32.69611774
100,9,63,1.376914165,25.4751507,34.32854469
100,5,64,1.461732814,21.44074783,22.32008211
100,23,65,1.480906001,75.78256637,29.34998826
100,14,66,1.435180399,49.79803406,27.11355963
100,16,67,1.937353294,61.14862499,25.16575598
100,19,68,1.706019008,72.31730649,25.27310242
100,13,69,1.631170646,47.80834896,26.19190326
100,24,70,1.049842028,76.01218961,30.57388325
100,21,71,1.90391333,70.06003941,28.97429087
100,21,72,1.909390192,75.28170767,26.89522269
100,24,73,1.780213063,108.4059747,21.13900116
100,16,74,1.007029204,72.18105844,21.16648016
100,11,75,1.057280251,52.29357018,20.03509086
100,6,76,1.225223702,16.89403655,34.51549082
100,7,77,1.131349408,33.20871009,20.07880728
100,21,78,1.39883603,93.14122979,21.54640619
100,9,79,1.922623058,34.99365478,24.71894835
100,21,80,1.472060434,63.42216244,32.11145378
100,21,81,1.013402626,59.26932474,34.43148179
100,21,82,1.28274569,63.92654486,31.85020338
100,6,83,1.044594908,19.13362714,30.35840349
100,6,84,1.036287623,20.81922974,27.81951001
100,9,85,1.275719853,40.35769803,21.30057818
100,5,86,1.275612339,14.13524984,34.3725619
100,5,87,1.787126603,15.4435927,31.37588621
100,23,88,1.974834653,75.20212833,29.58424078
100,6,89,1.371207094,18.52678828,31.38553768
100,16,90,1.428886879,50.21726825,30.86154994
100,10,1,1.844789436,32.72414748,29.5584737
100,8,2,1.26813902,22.40353402,34.708652
100,15,3,1.156381804,43.41476559,33.55045719
100,21,4,1.853089623,68.4039672,29.69997379
100,10,5,1.046500586,31.84953954,30.39762817
100,9,6,1.61969944,41.33382015,20.7739371
100,24,7,1.561992847,77.29776802,30.04876197
100,6,8,1.345920448,27.69765773,20.66248157
100,10,9,1.315189521,33.53009199,28.82395635
100,15,10,1.771857726,41.67789366,34.99030249
100,20,11,1.086424611,68.17306711,28.33709872
100,20,12,1.236784309,71.1790589,27.09815177
100,5,13,1.732448732,19.46068764,24.69282285
100,13,14,1.548320584,56.99794786,21.80783868
100,10,15,1.127988209,31.28386961,30.96535507
100,20,16,1.882135614,83.72059194,22.88898542
100,7,17,1.393447847,30.7973473,21.72923032
100,24,18,1.827868375,87.82702793,26.3264399
100,8,19,1.787713016,24.29386276,31.93012757
100,23,20,1.624425446,71.48192042,31.17596822
100,7,21,1.494481131,32.07589822,20.82323922
100,23,22,1.97955084,82.65307672,26.82715528
100,24,23,1.144965072,83.22779979,27.83651864
100,11,24,1.725155728,35.86777211,29.66819976
100,24,25,1.191190701,78.04240955,29.75251026
100,13,26,1.338263105,49.11135136,25.47045874
100,5,27,1.308698743,17.00092878,28.41015791
100,12,28,1.947035988,42.52916966,27.21592826
100,11,29,1.967356178,32.09338559,33.27497535
100,22,30,1.183015444,75.98265346,27.95397699
100,12,31,1.02203516,43.45388509,26.61548243
100,5,32,1.72000804,18.47248662,26.06728175
100,15,33,1.417989934,50.69894171,28.58641639
100,22,34,1.088840245,66.5463696,32.05965469
100,14,35,1.683754106,48.14963969,28.07602236
100,7,36,1.545105528,22.63553441,29.92482763
100,11,37,1.980516822,34.30228291,31.0678365
100,20,38,1.227409496,69.43836461,27.80252165
100,20,39,1.403977876,72.98669171,26.40225585
100,24,40,1.542545803,70.27822426,33.14998067
100,21,41,1.791699988,77.02862798,26.26259126
100,6,42,1.548838657,21.48293649,26.92914276
100,5,43,1.612900161,13.94500992,34.8551197
100,20,44,1.226147052,95.22193991,20.00356285
100,16,45,1.846918728,67.27750819,22.78209364
100,9,46,1.428630547,33.63296776,25.75945835
100,9,47,1.140959628,25.72248116,33.98884864
100,13,48,1.664187915,58.95572472,21.05044559
100,13,49,1.216090453,61.48816057,20.1422815
100,7,50,1.09756251,32.12444822,20.79025754
100,23,51,1.861986908,103.0089766,21.32815116
100,20,52,1.460162264,92.74737939,20.5639516
100,20,53,1.749283713,70.9302361,27.1967199
100,7,54,1.29058756,23.56001356,28.71135811
100,24,55,1.786970135,95.71169888,24.07530457
100,5,56,1.111935927,18.53615481,25.97431076
100,24,57,1.355973374,107.2602208,21.37549003
100,15,58,1.978061818,57.59139658,25.04555696
100,21,59,1.793989716,72.82111961,27.83778787
100,12,60,1.49725593,37.51866893,30.98407711
100,8,61,1.339777472,38.00439776,20.05019543
100,10,62,1.8721357,35.70196663,27.0096615
100,12,63,1.544847759,47.14193541,24.45504315
100,24,64,1.758425018,71.02203932,32.79232733
100,7,65,1.75410768,22.05884689,30.73329973
100,20,66,1.017945679,67.03170341,28.83662802
100,7,67,1.126253783,27.82306237,24.15898469
100,22,68,1.659629366,63.48274439,33.65508653
100,18,69,1.161619811,83.03919712,20.67651016
100,22,70,1.255493345,97.16450144,21.64201398
100,6,71,1.946637954,22.32603655,25.87445211
100,7,72,1.560182258,30.6123832,21.86656336
100,20,73,1.750729507,56.583112,34.34623546
100,13,74,1.557980739,39.4299762,31.96983983
100,8,75,1.552513615,32.14821643,23.88473977
100,5,76,1.09415191,16.76259709,28.82831343
100,8,77,1.343663193,22.38704201,34.73495773
100,5,78,1.282430899,14.59300773,33.26298467
100,18,79,1.390728366,59.97605617,29.0119767
100,20,80,1.798344188,57.87730441,33.55585951
100,24,81,1.371932668,66.96844574,34.83777365
100,12,82,1.451696819,37.32469948,31.15029234
100,11,83,1.39738139,50.05734719,20.97479614
100,7,84,1.093407972,25.90318528,26.02370355
100,21,85,1.441072158,62.56072481,32.56738603
100,5,86,1.195609273,20.44275914,23.45853794
100,20,87,1.186723296,59.77351022,32.45963777
100,16,88,1.094036104,70.1598021,21.80508143
100,23,89,1.356670974,105.9703689,20.70418036
100,18,90,1.757481885,67.26115772,25.76135917
100,10,1,1.276441691,46.40160418,20.55097906
100,10,2,1.312349102,28.28129965,34.35905394
100,17,3,1.642674658,50.90874287,32.39308544
100,23,4,1.195840813,69.6725942,32.01154531
100,12,5,1.89695793,39.4131787,29.44666884
100,6,6,1.520190523,24.74751314,23.24486035
100,5,7,1.44760294,17.37685557,27.7739055
100,19,8,1.557820192,63.41977219,28.95911109
100,5,9,1.166034313,17.31573396,27.87547251
100,9,10,1.613473139,36.13949771,23.90350052
100,20,11,1.363100737,69.61674864,27.72871886
100,23,12,1.897186341,81.07785575,27.36779511
100,8,13,1.168854207,22.2562021,34.94503664
100,7,14,1.507051104,20.31249778,33.46154222
100,21,15,1.598112629,75.13225632,26.95071122
100,21,16,1.033383602,69.20629436,29.34406074
100,16,17,1.363693125,49.66156565,31.21807406
100,18,18,1.732635235,83.63155182,20.5229774
100,10,19,1.820377507,29.04965088,33.42382162
100,7,20,1.313161995,20.64780893,32.90190225
100,13,21,1.798593272,46.6593997,26.86148147
100,9,22,1.967755877,33.49766233,25.86754649
100,21,23,1.856873936,83.68404045,24.09439062
100,18,24,1.117643988,63.9428154,27.15015242
100,7,25,1.739730332,32.30920843,20.66564995
100,5,26,1.319666832,14.80038586,32.782903
100,24,27,1.988415989,111.4654498,20.53133553
100,5,28,1.485358983,19.27839392,24.93577048
100,7,29,1.122433898,20.01495842,33.97384232
100,22,30,1.725185548,68.68948924,31.02818982
100,14,31,1.323011198,55.50959623,24.22086441
100,7,32,1.997078157,28.23749266,23.78973641
100,12,33,1.979782458,56.93617315,20.0762321
100,18,34,1.656134018,57.25971351,30.43571439
100,22,35,1.129826449,101.2343517,20.73175373
100,19,36,1.686860998,65.54201673,27.98903779
100,6,37,1.093030486,16.93392656,34.43182959
100,14,38,1.029364159,61.83190379,21.6420329
100,6,39,1.822958446,17.43314442,33.41719896
100,21,40,1.209752948,58.54126862,34.87213003
100,12,41,1.379027126,54.7376449,20.92275539
100,5,42,1.97345739,14.6012711,33.24359404
100,13,43,1.336840502,45.23125912,27.74118531
100,15,44,1.296489781,43.35547591,33.59770579
100,20,45,1.918208,67.63661146,28.56978413
100,11,46,1.110748445,35.56224539,29.93168015
100,14,47,1.75958241,48.01643487,28.15668362
100,7,48,1.988065567,20.60799885,32.9673932
100,22,49,1.901296011,68.73142365,31.00864878
100,17,50,1.651667919,58.98905662,27.81890468
100,11,51,1.314060795,32.33162887,33.02241206
100,8,52,1.254321981,32.41585262,23.67928298
100,17,53,1.819255105,72.77363024,22.3601099
100,24,54,1.879821914,102.5378039,22.40600158
100,5,55,1.525434913,19.22327719,25.01013318
100,12,56,1.244339941,48.81948292,23.58035047
100,18,57,1.112943208,51.5001489,33.95135526
100,20,58,1.087179468,88.54450426,21.58751141
100,18,59,1.719077447,57.17033326,30.48486107
100,16,60,1.420118728,67.11881509,22.8383231
100,23,61,1.905359874,67.20320735,33.22455699
100,19,62,1.739671301,53.6424201,34.41972932
100,6,63,1.191260418,21.44231738,26.98205013
100,6,64,1.613777419,17.55100722,33.1860722
100,23,65,1.435505454,109.12277,20.07717756
100,21,66,1.577249731,63.064571,32.29920376
100,24,67,1.738069123,98.24237263,23.42937742
100,14,68,1.806195881,40.42676849,33.63051964
100,10,69,1.843737326,47.58097905,20.01680167
100,19,70,1.253974875,64.75199333,28.34272603
100,15,71,1.0311156,46.36851518,31.34953706
100,9,72,1.739294735,36.17316098,23.88032496
100,5,73,1.106343726,20.92313458,22.89699297
100,12,74,1.314919589,53.90478789,21.26147337
100,16,75,1.003817134,61.78440232,24.89650365
100,16,76,1.681669482,54.42609191,28.39766468
100,9,77,1.167132011,39.58191322,21.73765785
100,11,78,1.65528241,41.27513073,25.65043043
100,8,79,1.991742617,37.84995942,20.13608607
100,10,80,1.072670872,30.0479042,32.28019131
100,17,81,1.077078012,74.14925473,21.92673077
100,24,82,1.340380093,95.04896205,24.25014422
100,19,83,1.866386514,89.30075533,20.27641578
100,7,84,1.215529869,25.46972378,26.48361176
100,12,85,1.36037782,35.71234859,32.60182254
100,24,86,1.068505407,89.27818087,25.88226817
100,20,87,1.763155291,84.41504228,22.69245985
100,17,88,1.408306343,52.62264693,31.30548251
100,22,89,1.759248733,67.00758353,31.83210473
100,14,90,1.903607844,59.30619681,22.60630213
100,23,1,1.232763147,70.63272135,31.56281163
100,21,2,1.80739603,59.64304774,34.20946832
100,23,3,1.05909389,97.89040306,22.4956638
100,9,4,1.898847388,27.63723358,31.56476439
100,13,5,1.650768548,41.10206646,30.62858007
100,16,6,1.874226724,56.93219111,27.10360833
100,5,7,1.0001884,22.86361584,20.86880691
100,5,8,1.16908107,22.60355293,21.12041627
100,19,9,1.389759387,56.2359449,32.78621989
100,6,10,1.379502903,16.73536273,34.85222559
100,20,11,1.226730383,64.22445913,30.14078386
100,12,12,1.38161194,43.33792356,26.68937461
100,17,13,1.128848712,55.35006455,29.71360465
100,5,14,1.412761129,16.71349907,28.91593789
100,20,15,1.802354329,74.75466293,25.75418391
100,11,16,1.479070063,50.03549753,20.98439217
100,9,17,1.018000089,27.00862044,32.32269421
100,7,18,1.421444042,26.338065,25.57750294
100,16,19,1.027175016,48.07434508,32.28178465
100,20,20,1.966243411,80.68540234,23.78763125
100,23,21,1.127453959,109.4433312,20.0154422
100,9,22,1.707688326,38.48773274,22.38407425
100,18,23,1.972776323,64.22128371,27.02809125
100,9,24,1.826039052,25.59395426,34.16455452
100,19,25,1.699315375,84.32113211,21.5329043
100,21,26,1.83946091,62.10602118,32.81314662
100,18,27,1.981798693,62.27218447,27.90536144
100,24,28,1.621344497,71.8803663,32.38881149
100,9,29,1.559184807,35.32789879,24.47561646
100,16,30,1.62823811,47.62017085,32.59920747
100,20,31,1.532675887,61.36410873,31.5923417
100,20,32,1.635089106,81.79689707,23.45080525
100,11,33,1.449842208,47.88849421,21.9700269
100,8,34,1.218443183,23.51501585,33.02081484
100,5,35,1.120247227,14.10494936,34.4485498
100,9,36,1.068340936,41.91986516,20.46953471
100,14,37,1.263315784,43.79235404,30.969051
100,9,38,1.046123564,25.97937355,33.64286766
100,8,39,1.56717078,23.6264181,32.86040138
100,6,40,1.283828447,16.91674928,34.46780708
100,24,41,1.824534808,74.07084793,31.40141118
100,14,42,1.074240873,50.66134508,26.63448144
100,23,43,1.226351494,89.56637463,24.67927986
100,5,44,1.730246147,19.37147986,24.81114111
100,9,45,1.598808296,28.24296727,30.86634009
100,17,46,1.064491271,52.81544344,31.18755518
100,8,47,1.877239457,33.32585286,23.00538715
100,20,48,1.877261763,58.7857644,33.0218422
100,20,49,1.330408004,63.04402938,30.7238606
100,6,50,1.340405843,20.37956651,28.4412543
100,21,51,1.989028358,74.80500765,27.0729869
100,24,52,1.626176172,82.33702083,28.14849209
100,16,53,1.531316521,68.40914427,22.38868607
100,22,54,1.838152184,91.45510533,23.05551874
100,7,55,1.285290338,31.29545196,21.36746736
100,5,56,1.429182593,21.45474262,22.30487057
100,5,57,1.267776675,17.98211566,26.80540452
100,23,58,1.789160847,79.43273724,27.95531591
100,15,59,1.573349346,70.52873099,20.26792839
100,9,60,1.65882507,27.31248149,31.95196742
100,16,61,1.25230725,62.96109261,24.4125196
100,7,62,1.220225301,20.18597598,33.67754052
100,5,63,1.488374629,14.07948247,34.51266895
100,5,64,1.737565749,21.02440742,22.78188312
100,12,65,1.525239758,42.96230943,26.93145936
100,14,66,1.032645678,66.60805942,20.01847753
100,15,67,1.868551506,50.04185338,28.97490898
100,16,68,1.064686894,53.13920391,29.10959672
100,17,69,1.955824484,68.78942932,23.71309933
100,16,70,1.025141958,54.46587849,28.37619009
100,18,71,1.694450456,73.82161588,23.38310214
100,6,72,1.082207064,25.62746495,22.41238204
100,23,73,1.910676579,74.74134943,29.772792
100,22,74,1.464433236,84.97856352,24.88888196
100,7,75,1.137523775,23.44747636,28.85395908
100,21,76,1.3408157,76.36724302,26.49870123
100,12,77,1.164824675,33.55210132,34.76527111
100,14,78,1.170581912,60.23134954,22.24370964
100,6,79,1.94810832,21.45233836,26.96897895
100,23,80,1.445246112,73.70176883,30.2068494
100,13,81,1.788802264,48.26760823,25.93317626
100,11,82,1.639605561,30.88109568,34.62049778
100,8,83,1.676426362,25.13485287,30.82831442
100,22,84,1.131693438,71.30180732,29.85475786
100,17,85,1.234184447,52.5406673,31.35588901
100,15,86,1.786750335,42.50528463,34.28972957
100,8,87,1.970766206,23.10984586,33.61727979
100,8,88,1.262675643,25.10648317,30.86427962
100,14,89,1.271568765,43.42778674,31.23742459
100,9,90,1.472897133,38.81178813,22.18883111
100,13,1,1.983840313,57.67041835,21.54188607
100,7,2,1.268958946,23.67779191,28.56356753
100,21,3,1.40697191,98.70501579,20.27551455
100,7,4,1.891480016,24.79162136,27.23534572
100,20,5,1.002921033,82.79775708,23.1552437
100,8,6,1.039765965,30.54572008,25.19024851
100,22,7,1.604071677,67.40800967,31.63707104
100,21,8,1.907380165,59.79743608,34.11856256
100,11,9,1.23885666,49.80475611,21.08624408
100,9,10,1.469641775,31.0199001,28.01363309
100,16,11,1.450465302,46.7316985,33.23800229
100,21,12,1.472971346,94.43453225,21.23762802
100,17,13,1.622519696,50.94745681,32.3677107
100,7,14,1.469743763,26.54831653,25.36702026
100,13,15,1.447468141,50.326307,24.83142053
100,21,16,1.47428842,58.88621635,34.66199579
100,21,17,1.590867441,87.45304374,23.01288635
100,24,18,1.537007488,76.43821095,30.39790911
100,20,19,1.854135998,60.02110777,32.32161092
100,17,20,1.049496853,78.63907247,20.61775243
100,23,21,1.833317071,74.06028318,30.05578188
100,21,22,1.843924613,59.53520084,34.27324962
100,8,23,1.284908022,34.99057518,21.8632995
100,16,24,1.462851955,46.45312999,33.44331954
100,13,25,1.438538489,43.44680254,28.92164956
100,23,26,1.218509834,76.03539867,29.24906873
100,16,27,1.396796847,52.99037499,29.19416262
100,13,28,1.044387772,51.01532606,24.4825383
100,11,29,1.277822073,31.40342426,34.02802723
100,18,30,1.816682175,51.12146734,34.21025694
100,24,31,1.284562302,79.0004601,29.3795699
100,23,32,1.818206669,70.22613235,31.75134089
100,19,33,1.531599465,62.94752838,29.18386979
100,20,34,1.879862677,70.75644406,27.26597671
100,9,35,1.574779554,29.1146226,29.91230177
100,7,36,1.029668223,23.89484483,28.29502179
100,16,37,1.675420208,53.40072872,28.96213794
100,24,38,1.044853568,73.26569052,31.7574883
100,8,39,1.450597019,28.35516226,27.21355747
100,20,40,1.929426694,92.54412864,20.61131159
100,11,41,1.165203939,46.88833611,22.45999221
100,17,42,1.389872353,61.6408618,26.57910825
100,14,43,1.729860309,43.92515375,30.8723984
100,11,44,1.882258556,36.79030696,28.89917972
100,18,45,1.670943005,58.52818626,29.75441279
100,9,46,1.258173254,31.92713923,27.18918393
100,7,47,1.674607853,23.15111069,29.23613033
100,15,48,1.296727641,57.83631663,24.93526157
100,15,49,1.71842923,53.47071478,27.05273889
100,22,50,1.954033128,68.3990573,31.16418598
100,19,51,1.721393451,55.75527734,33.07749168
100,16,52,1.862880503,58.17160111,26.50483001
100,13,53,1.002103843,60.03253339,20.65492487
100,14,54,1.717572125,59.76498318,22.42508816
100,16,55,1.829587557,75.07184461,20.31291709
100,21,56,1.040558738,68.18415307,29.79894529
100,10,57,1.871597727,38.48415622,24.98471938
100,11,58,1.256694228,37.75245297,28.13717954
100,18,59,1.665292102,63.38217266,27.3991527
100,17,60,1.800354879,76.49767597,21.22289734
100,12,61,1.662664513,44.36406265,26.04892042
100,14,62,1.092284792,57.59321996,23.30841687
100,13,63,1.596321519,47.66095289,26.27599683
100,22,64,1.549583657,91.46211848,23.05367421
100,6,65,1.900321268,17.85353703,32.60678609
100,9,66,1.40423973,38.11475923,22.61290005
100,9,67,1.321081097,25.41532289,34.41170827
100,10,68,1.749850764,36.71259223,26.23861049
100,23,69,1.412675326,68.26206108,32.69367938
100,12,70,1.646096175,39.43286047,29.43147227
100,20,71,1.64645009,62.44096503,31.03025448
100,17,72,1.888039064,52.2821813,31.51585832
100,5,73,1.598692402,17.49923768,27.57267323
100,24,74,1.50215361,82.33415165,28.14950785
100,21,75,1.138871326,73.14540347,27.70993802
100,11,76,1.115737607,36.88691144,28.82087567
100,17,77,1.154321565,79.28765476,20.44091669
100,8,78,1.171848481,29.70363839,25.93272755
100,8,79,1.637877093,26.58440503,29.0928307
100,10,80,1.74098125,33.37131715,28.96585348
100,23,81,1.529991523,69.92084051,31.89434142
100,16,82,1.829017733,51.90568464,29.82514008
100,11,83,1.991263227,30.65603946,34.88199975
100,14,84,1.820012629,55.42838277,24.25781793
100,23,85,1.694882374,87.16325702,25.38726544
100,11,86,1.532492699,41.10965071,25.75770728
100,7,87,1.448853072,25.01144085,26.98719211
100,17,88,1.084392381,50.68579225,32.53997096
100,17,89,1.399368748,69.2834583,23.53688141
100,22,90,1.910134637,67.40195437,31.64000311
100,24,1,1.80802263,88.62742896,26.07965275
100,12,2,1.216051365,39.96292672,29.02783075
100,13,3,1.466607785,42.63957606,29.488108
100,11,4,1.816723203,41.36468946,25.59272956
100,5,5,1.067384555,17.42814406,27.68922808
100,7,6,1.387392586,25.73958315,26.19546762
100,17,7,1.851841237,77.14301553,21.03699179
100,21,8,1.403897864,76.2043531,26.55748083
100,5,9,1.077614645,22.26090585,21.46090089
100,10,10,1.542534369,36.93401577,26.07531199
100,10,11,1.861742495,33.4517794,28.893776
100,16,12,1.590285543,53.88797806,28.69122349
100,17,13,1.226279108,54.946264,29.93931919
100,17,14,1.38423962,75.79499153,21.42892262
100,19,15,1.450123361,61.7246878,29.78184868
100,20,16,1.579266354,77.87488518,24.68222085
100,15,17,1.759351026,55.58501728,25.98568919
100,9,18,1.098873618,26.57234954,32.86979381
100,8,19,1.889652033,37.85108765,20.13545606
100,7,20,1.012309703,23.46930707,28.8261895
100,23,21,1.370052335,76.71599582,28.9807097
100,24,22,1.02742031,89.05414487,25.94989665
100,22,23,1.392974225,89.59326259,23.55541786
100,19,24,1.525812599,77.48741566,23.52011057
100,13,25,1.511681387,37.94994951,33.25564504
100,21,26,1.165628347,76.00333741,26.63036561
100,18,27,1.64574051,69.32852126,24.96334044
100,19,28,1.044778451,68.51374035,26.73166361
100,5,29,1.76190682,16.1078032,30.04085602
100,7,30,1.946644434,30.19017847,22.18634852
100,20,31,1.339768827,72.0941354,26.74150753
100,15,32,1.517239382,50.30473676,28.81826557
100,16,33,1.378910278,45.41744982,34.22875032
100,14,34,1.00671039,56.47913115,23.78791673
100,20,35,1.385874503,75.78984036,25.38876122
100,12,36,1.791720259,44.96002124,25.69037885
100,10,37,1.595988842,33.24128559,29.08307236
100,16,38,1.101259915,60.71880255,25.3509808
100,12,39,1.84713949,41.37548828,28.00267888
100,8,40,1.531085345,24.44475649,31.72685495
100,12,41,1.841723362,37.99779015,30.58078391
100,22,42,1.580221519,79.43520214,26.6955297
100,9,43,1.559688445,26.49923651,32.96324267
100,13,44,1.105259185,44.25968297,28.37210374
100,8,45,1.167359733,27.49274333,28.09858759
100,21,46,1.972025256,97.61622803,20.51281649
100,13,47,1.228486747,36.31244881,34.80039471
100,5,48,1.977452118,21.88704678,21.84456213
100,24,49,1.531912707,98.09145224,23.46696369
100,17,50,1.135789047,78.06956,20.77545256
100,20,51,1.099302203,65.35938207,29.6000445
100,17,52,1.208864071,69.75641733,23.37051765
100,18,53,1.92563733,75.94886537,22.70015656
100,7,54,1.414150224,31.3503017,21.32833376
100,10,55,1.395434268,44.34661707,21.54963436
100,22,56,1.313206261,73.89974903,28.77006051
100,23,57,1.147061851,73.4281945,30.32311799
100,9,58,1.487851197,33.38194136,25.96068483
100,19,59,1.130047783,67.37957514,27.19845622
100,6,60,1.835480236,19.17575201,30.28951604
100,14,61,1.370396986,65.84920568,20.26069685
100,22,62,1.374803568,85.11639327,24.84695986
100,17,63,1.474006428,47.75754957,34.59646622
100,9,64,1.444127713,30.30131277,28.70168345
100,5,65,1.994857973,20.15042802,23.8133687
100,5,66,1.545381121,17.34548169,27.8259507
100,22,67,1.088201704,84.16283998,25.13980232
100,19,68,1.606877342,65.55414422,27.98367483
100,21,69,1.151584293,91.75866221,21.88612268
100,15,70,1.030937645,65.24371627,21.99071981
100,21,71,1.970742154,90.70045853,22.15313543
100,17,72,1.773538892,48.43677865,34.09729688
100,5,73,1.980108992,15.6281824,30.99348378
100,6,74,1.477878448,25.60193518,22.43572842
100,13,75,1.532257531,54.56399198,22.82523626
100,7,76,1.168336956,21.9007045,30.96244212
100,5,77,1.246907427,21.42019521,22.34245767
100,20,78,1.838549215,81.57132674,23.5184194
100,10,79,1.356185647,28.20858358,34.45020249
100,21,80,1.826814974,84.57648049,23.82959787
100,9,81,1.709013724,29.10315216,29.92448526
100,9,82,1.177170925,25.22459043,34.67946931
100,10,83,1.507446366,37.57357163,25.61445151
100,7,84,1.677387322,32.92143931,20.26273986
100,9,85,1.235037215,36.49308085,23.66220936
100,9,86,1.830688511,26.8952501,32.46315787
100,14,87,1.544827658,41.2138873,32.96913254
100,14,88,1.16524205,43.04011984,31.52779047
100,23,89,1.582984426,101.336553,21.69664729
100,21,90,1.999713804,63.76649448,31.93265558
100,18,1,1.150521492,51.75363311,33.78016695
100,13,2,1.81675693,43.3201306,29.00914314
100,18,3,1.207309003,51.26287467,34.11313035
100,5,4,1.782388329,14.96890214,32.40258326
100,23,5,1.734577923,74.18260584,30.00457275
100,17,6,1.300489386,57.32054399,28.65777855
100,17,7,1.325823118,64.81473183,25.22860501
100,8,8,1.792521392,34.20365725,22.38931168
100,5,9,1.461445512,16.62548598,29.07430884
100,21,10,1.730818029,81.48481378,24.7716733
100,12,11,1.147984147,35.29766816,32.99658001
100,6,12,1.852557782,16.71306675,34.90005406
100,12,13,1.710884717,37.16733327,31.28641644
100,11,14,1.906942809,49.20109624,21.35722543
100,6,15,1.132372379,23.68706176,24.33028393
100,7,16,1.5930145,30.92331113,21.63664448
100,22,17,1.599120585,71.52686347,29.75767472
100,16,18,1.353460741,49.26432511,31.47786297
100,5,19,1.458466425,14.33275748,33.88512246
100,16,20,1.037981563,58.02865377,26.5725852
100,9,21,1.745860039,26.07136302,33.52063474
100,21,22,1.549322479,61.46035531,33.16836739
100,20,23,1.057741052,77.64597363,24.75793575
100,19,24,1.680755893,55.82733119,33.03350938
100,19,25,1.466782077,71.33448559,25.63508378
100,9,26,1.034461259,35.35923533,24.45303912
100,18,27,1.969607727,58.56301989,29.73611988
100,6,28,1.949112143,23.14304238,24.92571842
100,15,29,1.512902416,49.25601866,29.45313122
100,23,30,1.093672421,76.29162446,29.14747708
100,11,31,1.754621222,37.34943436,28.45158391
100,10,32,1.4919311,37.44435456,25.70629556
100,6,33,1.302447478,20.52861469,28.22749582
100,10,34,1.491418178,33.39201186,28.94728212
100,22,35,1.522444145,75.38040552,28.18530333
100,6,36,1.562711699,21.68704084,26.66629179
100,22,37,1.441223714,103.675749,20.22000586
100,19,38,1.605755303,63.74571367,28.80592562
100,23,39,1.918734711,97.76140919,22.52666578
100,6,40,1.362268087,19.58311495,29.63863953
100,24,41,1.725716463,74.09656623,31.39016492
100,10,42,1.894452557,35.0794976,27.50667964
100,5,43,1.455979276,17.16122163,28.13545497
100,19,44,1.443455836,53.8668176,34.27217839
100,14,45,1.602116985,41.53377044,32.70751042
100,23,46,1.591406759,66.25655255,33.71354774
100,21,47,1.806589342,63.24064141,32.20649432
100,9,48,1.476483384,39.76358318,21.63377513
100,8,49,1.99612295,34.4309966,22.23487784
100,14,50,1.059471569,48.44398448,27.89935696
100,21,51,1.003167849,85.05107864,23.69104488
100,14,52,1.640198312,49.73280672,27.15043213
100,21,53,1.298434912,78.022016,25.91547986
100,24,54,1.240382389,82.07593689,28.24121358
100,9,55,1.31189908,27.94758893,31.20313574
100,6,56,1.256047565,18.90814083,30.73236361
100,10,57,1.03079005,34.6999179,27.81851199
100,6,58,1.971533042,17.99861341,32.33590128
100,17,59,1.220745488,61.90162211,26.46293137
100,15,60,1.734029763,43.54046145,33.45071435
100,15,61,1.762596395,67.96801536,21.06920405
100,20,62,1.929257398,56.62530116,34.31990045
100,15,63,1.030549457,48.66906931,29.82039622
100,23,64,1.872048338,86.13871642,25.70111763
100,19,65,1.527226181,79.30772902,22.9573119
100,20,66,1.63254411,70.95281144,27.18774844
100,15,67,1.644470277,62.71329091,22.91837485
100,20,68,1.819797805,85.12458835,22.49497412
100,12,69,1.333407322,39.65594979,29.26027636
100,8,70,1.73305119,27.73322083,27.84627087
100,12,71,1.52857811,38.64555009,30.05144052
100,8,72,1.793394014,22.89371513,33.94408816
100,7,73,1.990546033,24.15133653,27.9839032
100,7,74,1.200651017,23.55793405,28.7139808
100,22,75,1.994648642,98.45869586,21.34439509
100,23,76,1.089812154,72.40779286,30.76453679
100,23,77,1.002317548,85.18967152,25.9985781
100,9,78,1.044161936,25.24481965,34.65087858
100,22,79,1.341782405,65.97174384,32.34761023
100,14,80,1.632906331,48.54837648,27.83721561
100,10,81,1.069029541,43.76685607,21.84833981
100,5,82,1.005665815,14.75307619,32.8912369
100,9,83,1.937091028,27.27544124,31.99671643
100,13,84,1.821926636,54.6936009,22.76877694
100,16,85,1.809183171,62.91985649,24.42917434
100,18,86,1.884424276,54.70940226,31.90110887
100,6,87,1.700034273,25.23295623,22.7784267
100,21,88,1.10440413,60.40334361,33.76628734
100,18,89,1.399100188,65.77045559,26.36791138
100,17,90,1.723149486,76.21409807,21.30558444
100,13,1,1.280334461,39.11394324,32.23622965
100,19,2,1.687406364,71.4214689,25.60264525
100,19,3,1.024498448,65.74965982,27.89748791
100,15,4,1.306137341,66.12425625,21.68456517
100,20,5,1.549130336,95.06263577,20.03876022
100,21,6,1.63208983,68.69529749,29.56977809
100,8,7,1.577040664,27.8477573,27.72762756
100,5,8,1.697756276,16.72068645,28.90307854
100,12,9,1.006088748,36.46733869,31.90615776
100,21,10,1.1009412,68.40593936,29.6990887
100,7,11,1.868944252,29.63389234,22.62160164
100,24,12,1.681748644,90.86920557,25.41158779
100,19,13,1.112931643,54.9317643,33.58836657
100,19,14,1.842074437,58.37322336,31.5491705
100,18,15,1.242231218,61.32971852,28.34955587
100,18,16,1.478259884,72.47930574,23.83467497
100,6,17,1.145196513,23.50092723,24.53090753
100,17,18,1.710110056,53.15926943,30.97937101
100,18,19,1.666854421,53.30551352,32.76761391
100,23,20,1.211112471,74.02312794,30.07137004
100,11,21,1.863400767,33.18956255,32.14294964
100,7,22,1.401306024,21.53856623,31.49984203
100,19,23,1.292515091,81.73604074,22.24555952
100,18,24,1.152329589,65.79146428,26.35917219
100,15,25,1.266168013,64.39217199,22.29475701
100,19,26,1.022026921,77.46080616,23.52853377
100,17,27,1.583257492,49.94286775,33.03889437
100,22,28,1.842230746,78.31026528,27.09337948
100,10,29,1.548980449,34.44668281,28.03037153
100,7,30,1.219273962,29.56494406,22.67668948
100,23,31,1.033669178,89.54964661,24.68407679
100,19,32,1.214628073,77.69787724,23.45369253
100,9,33,1.416121428,37.35557019,23.09279247
100,14,34,1.759611429,45.79741359,29.5694119
100,11,35,1.187842853,44.25979132,23.85325771
100,21,36,1.719791453,68.89711273,29.48023229
100,11,37,1.866933468,50.28153267,20.87681921
100,16,38,1.453946848,69.1843548,22.1266159
100,21,39,1.821431992,83.60503706,24.11810381
100,17,40,1.554657348,56.75046108,28.95570375
100,24,41,1.637090837,77.07718516,30.13761868
100,8,42,1.52627846,28.94276999,26.6407545
100,14,43,1.463172717,50.56549612,26.68686372
100,7,44,1.234653442,21.96577854,30.86775277
100,13,45,1.303194059,61.21300719,20.23731638
100,17,46,1.289970119,65.09332185,25.11635037
100,22,47,1.563288931,66.10456581,32.28060586
100,19,48,1.119953693,63.23154919,29.04829115
100,8,49,1.916791691,30.700265,25.05840699
100,19,50,1.720655145,54.94049211,33.58287188
100,6,51,1.401445631,18.41092772,31.58934091
100,19,52,1.158624145,76.08085353,23.97343171
100,12,53,1.88199217,39.11426074,29.67934756
100,12,54,1.82377809,40.08516638,28.93626092
100,21,55,1.721721553,77.72648201,26.01781871
100,16,56,1.271547047,60.36746919,25.50434119
100,23,57,1.402446637,87.94265272,25.15340712
100,14,58,1.102748252,46.26976959,29.25733675
100,13,59,1.189039525,47.03983894,26.63614905
100,9,60,1.783016637,26.88336917,32.4779467
100,10,61,1.715038719,32.21230305,30.04403924
100,24,62,1.593485763,108.8486018,21.04897409
100,6,63,1.895726726,19.60622636,29.60252336
100,17,64,1.583266518,67.81767477,24.06721155
100,10,65,1.466968,33.45356559,28.89217987
100,9,66,1.340370746,28.8443243,30.20197897
100,5,67,1.940448506,20.43950007,23.46243784
100,10,68,1.082715462,35.90293039,26.85287967
100,10,69,1.930887372,41.92015621,22.85487294
100,20,70,1.82671466,91.80593838,20.78508314
100,8,71,1.129929925,29.98821499,25.67714635
100,15,72,1.564984358,56.72329046,25.44416408
100,13,73,1.866547982,36.17924128,34.93220736
100,7,74,1.571809164,25.27506011,26.69528527
100,23,75,1.907199822,88.44948469,25.00354324
100,12,76,1.942983817,40.3943497,28.7071251
100,9,77,1.422384522,40.30179613,21.33151091
100,8,78,1.377313661,22.58293057,34.42498604
100,10,79,1.936321154,32.76067597,29.52440068
100,6,80,1.675140061,18.56288192,31.3225673
100,24,81,1.116022681,101.8798139,22.55716907
100,15,82,1.042291749,55.26456145,26.1421678
100,8,83,1.564629051,29.26079546,26.3403367
100,19,84,1.930170965,57.01066671,32.32709666
100,10,85,1.844248702,47.57702081,20.0185502
100,21,86,1.675847746,82.31163486,24.51279663
100,10,87,1.139115849,27.99666064,34.71854562
100,23,88,1.254231384,81.78272646,27.12329815
100,6,89,1.875511227,22.44006186,25.7378942
100,19,90,1.182807237,83.34270928,21.79743503
100,15,1,1.278439408,42.12007828,34.61246943
100,12,2,1.129600651,56.33698253,20.30039534
100,23,3,1.676108231,71.7456261,31.05770338
100,17,4,1.943982305,52.26106407,31.52899707
100,16,5,1.268968032,64.89595158,23.65485074
100,9,6,1.475406608,28.96370131,30.07337665
100,10,7,1.63433974,44.65494355,21.39393717
100,8,8,1.999466248,32.18576465,23.855709
100,23,9,1.104808065,70.08235934,31.81852982
100,24,10,1.4985708,70.64996491,32.97029288
100,5,11,1.38512012,16.59624537,29.12729619
100,24,12,1.865820165,83.90852488,27.60257648
100,21,13,1.475967731,89.78364588,22.38956031
100,16,14,1.110977525,72.90411327,20.9466355
100,19,15,1.634424145,83.46242398,21.76473543
100,5,16,1.770780618,20.48310677,23.4103595
100,18,17,1.002881252,68.89921157,25.12511753
100,10,18,1.858956685,37.43405586,25.71364288
100,9,19,1.186023,34.35792938,25.19482653
100,15,20,1.552069365,61.01075298,23.58582998
100,8,21,1.415797501,27.92724312,27.6458637
100,17,22,1.719653817,50.92978063,32.37929162
100,15,23,1.371161615,59.53431526,24.19555308
100,7,24,1.869763177,19.92269693,34.13580529
100,5,25,1.730496361,14.66273513,33.10004993
100,10,26,1.647713171,42.68676807,22.42646317
100,22,27,1.796240596,67.08515739,31.79413935
100,14,28,1.754023035,47.26725906,28.61881073
100,9,29,1.035938675,30.50989103,28.49863043
100,14,30,1.394734354,52.11116968,25.86564145
100,16,31,1.930807297,56.10630323,27.51729499
100,6,32,1.125724269,22.25710681,25.95768166
100,17,33,1.73709655,58.42729675,28.09598928
100,12,34,1.974591811,39.44870333,29.41925079
100,6,35,1.052198629,19.28357836,30.1145571
100,24,36,1.682193881,82.79511367,27.98721789
100,5,37,1.468154141,15.71273055,30.82133101
100,9,38,1.579175255,38.92873192,22.11917074
100,13,39,1.085341336,53.76402483,23.17973736
100,21,40,1.043006952,63.09901802,32.28102506
100,13,41,1.666866661,50.31364819,24.83791967
100,15,42,1.82330943,70.27931265,20.34340737
100,19,43,1.782015335,81.52103756,22.30686725
100,10,44,1.543805728,41.06065162,23.35421652
100,7,45,1.099866821,19.79646781,34.35984332
100,21,46,1.688044444,70.95644214,28.59562143
100,9,47,1.241888884,25.72092825,33.99096111
100,16,48,1.911068703,54.0039722,28.62745026
100,22,49,1.83826536,78.04098234,27.1903166
100,18,50,1.709382967,70.02279336,24.70591537
100,15,51,1.948845956,49.84123214,29.09556417
100,13,52,1.031421822,56.30637857,22.08797037
100,6,53,1.736200425,17.40445889,33.47392441
100,16,54,1.330242779,47.84690987,32.43998608
100,7,55,1.906065886,27.17077858,24.76297172
100,7,56,1.266675197,19.83454425,34.29196291
100,5,57,1.724856499,14.97992173,32.37801151
100,12,58,1.87764702,38.71641746,29.99460329
100,12,59,1.041656818,52.57064158,21.82642867
100,15,60,1.39764758,53.24150174,27.17351035
100,13,61,1.762309032,45.46787848,27.59161332
100,9,62,1.45491889,36.75228941,23.48827038
100,18,63,1.26725263,81.08297698,21.19948092
100,7,64,1.219805349,21.43894889,31.65085446
100,9,65,1.131518267,39.42090553,21.83052578
100,9,66,1.85712956,30.08588391,28.91436126
100,23,67,1.575355403,65.62665049,34.04673761
100,18,68,1.076384945,52.72164063,33.14157789
100,8,69,1.382580324,31.78855606,24.16628936
100,17,70,1.367733651,50.33796083,32.77172956
100,14,71,1.181739191,66.6508368,20.00498759
100,22,72,1.435507625,103.4548408,20.26531714
100,12,73,1.332099365,39.94900183,29.03829746
100,12,74,1.341803705,45.33096143,25.47197329
100,11,75,1.739026558,41.04950506,25.79691262
100,12,76,1.223263386,40.72405143,28.46661636
100,18,77,1.641859959,75.38718597,22.87673683
100,23,78,1.570649624,95.13437214,23.17633026
100,10,79,1.568092512,35.37440864,27.26902381
100,5,80,1.663007346,15.47326378,31.31380317
100,19,81,1.548382036,62.72186566,29.29246627
100,5,82,1.879255115,19.63839762,24.46032572
100,21,83,1.675580092,76.48863921,26.45505766
100,5,84,1.546963251,21.22243665,22.55997138
100,19,85,1.82976312,85.89726414,21.11944722
100,6,86,1.606146565,18.32595985,31.74044061
100,18,87,1.291144248,72.05530637,23.98081114
100,12,88,1.207094918,50.70459139,22.66649582
100,12,89,1.152327786,38.24790085,30.37427083
100,23,90,1.899455213,75.98087566,29.27077511
100,11,1,1.710135432,36.06812291,29.49784439
100,23,2,1.937378438,94.13336681,23.43341907
100,10,3,1.603291806,40.83352148,23.48968308
100,10,4,1.473400881,41.13188456,23.31203945
100,7,5,1.059716489,29.65311498,22.60628893
100,11,6,1.671642282,35.67275812,29.83585509
100,23,7,1.58220876,68.20829619,32.72023828
100,12,8,1.990208894,37.6591546,30.86476205
100,14,9,1.239158778,42.57725669,31.88140451
100,24,10,1.530737355,88.65255943,26.07197644
100,19,11,1.650957335,61.66601396,29.81113693
100,19,12,1.644591175,72.20616229,25.31354361
100,5,13,1.561293543,17.31147926,27.88256933
100,24,14,1.77692801,85.03243884,27.2245227
100,11,15,1.20498121,46.50512471,22.65330718
100,8,16,1.7256272,29.8438628,25.80618141
100,10,17,1.619734571,28.2029099,34.45733413
100,5,18,1.896075112,20.219418,23.72870387
100,9,19,1.847194439,39.11843385,22.00705604
100,5,20,1.315147039,18.32931295,26.27870932
100,8,21,1.276237325,24.34936515,31.85506604
100,6,22,1.981653324,20.18012548,28.73222345
100,14,23,1.527265181,44.8507748,30.21462241
100,9,24,1.906420964,37.74309269,22.84542272
100,14,25,1.163881024,46.22869158,29.2842229
100,5,26,1.642818915,19.34048488,24.85250592
100,10,27,1.809860187,29.83778644,32.51455049
100,17,28,1.94739525,55.8485192,29.43948209
100,19,29,1.337340141,79.22329757,22.98284417
100,8,30,1.72498117,36.41453362,20.9692502
100,17,31,1.538813009,78.56004742,20.63949814
100,24,32,1.060628926,90.32360062,25.57112851
100,19,33,1.689999737,76.03720637,23.98776705
100,12,34,1.690096558,39.09896201,29.69135185
100,9,35,1.930606805,31.59002325,27.49000752
100,19,36,1.497312446,76.02953239,23.99028917
100,8,37,1.230250921,34.42553112,22.23856667
100,16,38,1.044563823,69.84460663,21.90799644
100,17,39,1.415642187,50.04429526,32.96990588
100,6,40,1.3019167,24.33862867,23.65216953
100,23,41,1.761088306,74.73438493,29.77565972
100,23,42,1.354267765,69.36007119,32.16028892
100,8,43,1.949071196,26.4802285,29.21121967
100,8,44,1.962310203,23.60336076,32.89347847
100,15,45,1.62090859,55.79131348,25.88590582
100,9,46,1.928660287,25.46449152,34.34333286
100,24,47,1.760854345,104.360644,21.99717506
100,15,48,1.546859641,66.57126872,21.53224294
100,14,49,1.180307935,45.33622645,29.88038219
100,12,50,1.458597944,34.14672043,34.14246712
100,10,51,1.560874463,30.18116067,32.13325192
100,10,52,1.863961581,45.15436561,21.14625289
100,12,53,1.481333377,47.63697631,24.19051571
100,19,54,1.897674673,54.35593707,33.95478327
100,18,55,1.674348979,72.59271519,23.79587649
100,15,56,1.136999063,45.84694479,31.71755636
100,16,57,1.994981369,47.93722677,32.37698294
100,17,58,1.527232661,59.7922433,27.43178155
100,12,59,1.391858296,44.78408421,25.79523365
100,22,60,1.659113764,79.27394725,26.75186649
100,5,61,1.108893314,20.48804959,23.40447042
100,19,62,1.636538647,55.32767068,33.34086374
100,12,63,1.498236,43.22876379,26.75929485
100,15,64,1.40667407,43.81238861,33.23689161
100,16,65,1.953020021,70.84221861,21.5854022
100,16,66,1.522539717,44.66263498,34.82412907
100,8,67,1.219117479,28.93403788,26.64909631
100,20,68,1.458963479,92.09179101,20.71746231
100,8,69,1.919387405,37.08798541,20.57032772
100,9,70,1.176095471,27.9562935,31.19310886
100,9,71,1.213957039,29.1398565,29.88553301
100,12,72,1.013029568,36.3284546,32.03195837
100,14,73,1.014190049,62.00036285,21.58051301
100,21,74,1.829391627,97.52217965,20.53356301
100,13,75,1.732122607,45.40899461,27.62868934
100,23,76,1.355041056,85.77631593,25.81392847
100,18,77,1.698311157,64.44866802,26.92920405
100,12,78,1.395205926,33.45057189,34.87382613
100,13,79,1.952896796,36.55664588,34.56124937
100,15,80,1.967052681,42.69279895,34.13473085
100,5,81,1.392793776,15.26361477,31.75764015
100,18,82,1.854221906,68.38224965,25.3226204
100,9,83,1.773089042,33.11019033,26.18196395
100,18,84,1.309999937,61.55058089,28.24424066
100,8,85,1.232039829,23.91056241,32.45801685
100,5,86,1.45823465,22.69560979,21.03069249
100,23,87,1.781348841,84.05064687,26.36445329
100,12,88,1.960167785,53.9586179,21.23926495
100,19,89,1.763579069,66.1563026,27.7198638
100,19,90,1.855206985,55.09879563,33.48351236
100,13,1,1.603064306,39.7100872,31.73727387
100,13,2,1.835407831,53.24020663,23.41763626
100,14,3,1.784420858,39.28185723,34.63986274
100,24,4,1.376985542,77.39375006,30.01025597
100,13,5,1.551990302,61.44708212,20.15641549
100,7,6,1.804753122,28.19033861,23.83120227
100,24,7,1.046056734,96.34414321,23.9106995
100,15,8,1.808079282,68.06173688,21.03881459
100,10,9,1.177888124,28.25066426,34.39739777
100,6,10,1.514683617,21.29635951,27.17382942
